<?xml version="1.0" encoding="UTF-8"?>
<root>
  <item name="com.dingi.dingisdk.annotations.ArrowDirection ArrowDirection(int) 0">
    <annotation name="androidx.annotation.IntDef">
      <val name="value" val="{com.dingi.dingisdk.annotations.ArrowDirection.LEFT, com.dingi.dingisdk.annotations.ArrowDirection.RIGHT, com.dingi.dingisdk.annotations.ArrowDirection.TOP, com.dingi.dingisdk.annotations.ArrowDirection.BOTTOM}" />
    </annotation>
  </item>
  <item name="com.dingi.dingisdk.annotations.ArrowDirection int getValue()">
    <annotation name="androidx.annotation.IntDef">
      <val name="value" val="{com.dingi.dingisdk.annotations.ArrowDirection.LEFT, com.dingi.dingisdk.annotations.ArrowDirection.RIGHT, com.dingi.dingisdk.annotations.ArrowDirection.TOP, com.dingi.dingisdk.annotations.ArrowDirection.BOTTOM}" />
    </annotation>
  </item>
  <item name="com.dingi.dingisdk.annotations.ArrowDirection value">
    <annotation name="androidx.annotation.IntDef">
      <val name="value" val="{com.dingi.dingisdk.annotations.ArrowDirection.LEFT, com.dingi.dingisdk.annotations.ArrowDirection.RIGHT, com.dingi.dingisdk.annotations.ArrowDirection.TOP, com.dingi.dingisdk.annotations.ArrowDirection.BOTTOM}" />
    </annotation>
  </item>
</root>

