<?xml version="1.0" encoding="UTF-8"?>
<root>
  <item name="com.dingi.dingisdk.storage.FileSource.ResourceTransformCallback java.lang.String onURL(int, java.lang.String) 0">
    <annotation name="androidx.annotation.IntDef">
      <val name="value" val="{com.dingi.dingisdk.storage.Resource.UNKNOWN, com.dingi.dingisdk.storage.Resource.STYLE, com.dingi.dingisdk.storage.Resource.SOURCE, com.dingi.dingisdk.storage.Resource.TILE, com.dingi.dingisdk.storage.Resource.GLYPHS, com.dingi.dingisdk.storage.Resource.SPRITE_IMAGE, com.dingi.dingisdk.storage.Resource.SPRITE_JSON}" />
    </annotation>
  </item>
  <item name="com.dingi.dingisdk.storage.Resource.Kind">
    <annotation name="androidx.annotation.IntDef">
      <val name="value" val="{com.dingi.dingisdk.storage.Resource.UNKNOWN, com.dingi.dingisdk.storage.Resource.STYLE, com.dingi.dingisdk.storage.Resource.SOURCE, com.dingi.dingisdk.storage.Resource.TILE, com.dingi.dingisdk.storage.Resource.GLYPHS, com.dingi.dingisdk.storage.Resource.SPRITE_IMAGE, com.dingi.dingisdk.storage.Resource.SPRITE_JSON}" />
    </annotation>
  </item>
</root>

